#{"env_id": "SeaquestNoFrameskip-v4", "t_start": 1522188182.3825688}
r,l,t
60.0,512,7.471402
20.0,446,51.253852
60.0,470,116.572613
240.0,893,243.926339
