#{"env_id": "SeaquestNoFrameskip-v4", "t_start": 1522188182.4358604}
r,l,t
100.0,525,7.557941
60.0,472,56.182647
140.0,800,170.111602
60.0,501,240.27879
