#{"env_id": "SeaquestNoFrameskip-v4", "t_start": 1522188182.5677352}
r,l,t
100.0,521,7.381491
240.0,1078,143.24548
60.0,441,205.20195
120.0,580,286.955853
