#{"env_id": "SeaquestNoFrameskip-v4", "t_start": 1522188182.4653044}
r,l,t
60.0,429,6.636458
20.0,448,39.096558
20.0,401,94.854578
20.0,430,155.693551
0.0,362,206.052155
140.0,660,299.285613
