#{"env_id": "SeaquestNoFrameskip-v4", "t_start": 1522188182.4943333}
r,l,t
20.0,454,6.849698
20.0,427,39.772428
120.0,516,111.920878
100.0,532,187.08713
100.0,593,270.816498
