#{"env_id": "SeaquestNoFrameskip-v4", "t_start": 1522188182.4167929}
r,l,t
240.0,863,39.048915
180.0,659,131.641944
100.0,570,212.428989
