#{"env_id": "SeaquestNoFrameskip-v4", "t_start": 1522188182.5139296}
r,l,t
180.0,870,39.754569
120.0,618,127.114986
60.0,403,183.391601
80.0,434,244.508026
